Alamance,Guilford
Alamance,Randolph
Alamance,Chatham
Alamance,Orange
Alamance,Caswell
Alexander,Wilkes
Alexander,Caldwell
Alexander,Catawba
Alexander,Iredell
Alleghany,Ashe
Alleghany,Wilkes
Alleghany,Surry
Anson,Union
Anson,Stanly
Anson,Richmond
Ashe,Watauga
Ashe,Wilkes
Ashe,Alleghany
Avery,Mitchell
Avery,McDowell
Avery,Burke
Avery,Caldwell
Avery,Watauga
Beaufort,Martin
Beaufort,Washington
Beaufort,Hyde
Beaufort,Pamlico
Beaufort,Craven
Beaufort,Pitt
Bertie,Hertford
Bertie,Chowan
Bertie,Washington
Bertie,Martin
Bertie,Halifax
Bertie,Northampton
Bladen,Robeson
Bladen,Columbus
Bladen,Pender
Bladen,Sampson
Bladen,Cumberland
Brunswick,Columbus
Brunswick,Pender
Brunswick,New Hanover
Buncombe,Haywood
Buncombe,Madison
Buncombe,Yancey
Buncombe,McDowell
Buncombe,Rutherford
Buncombe,Henderson
Burke,Avery
Burke,McDowell
Burke,Rutherford
Burke,Cleveland
Burke,Catawba
Burke,Caldwell
Cabarrus,Mecklenburg
Cabarrus,Iredell
Cabarrus,Rowan
Cabarrus,Stanly
Cabarrus,Union
Caldwell,Avery
Caldwell,Watauga
Caldwell,Wilkes
Caldwell,Alexander
Caldwell,Catawba
Caldwell,Burke
Camden,Gates
Camden,Currituck
Camden,Pasquotank
Carteret,Hyde
Carteret,Pamlico
Carteret,Craven
Carteret,Jones
Carteret,Onslow
Caswell,Rockingham
Caswell,Alamance
Caswell,Orange
Caswell,Person
Catawba,Burke
Catawba,Caldwell
Catawba,Alexander
Catawba,Iredell
Catawba,Lincoln
Chatham,Randolph
Chatham,Alamance
Chatham,Orange
Chatham,Durham
Chatham,Wake
Chatham,Harnett
Chatham,Lee
Chatham,Moore
Cherokee,Graham
Cherokee,Macon
Cherokee,Clay
Chowan,Perquimans
Chowan,Washington
Chowan,Bertie
Chowan,Hertford
Chowan,Gates
Clay,Cherokee
Clay,Macon
Cleveland,Rutherford
Cleveland,Burke
Cleveland,Lincoln
Cleveland,Gaston
Columbus,Bladen
Columbus,Brunswick
Columbus,Pender
Columbus,Robeson
Craven,Pitt
Craven,Beaufort
Craven,Pamlico
Craven,Carteret
Craven,Jones
Craven,Lenoir
Cumberland,Harnett
Cumberland,Sampson
Cumberland,Bladen
Cumberland,Robeson
Cumberland,Hoke
Cumberland,Moore
Currituck,Camden
Currituck,Dare
Currituck,Tyrrell
Dare,Currituck
Dare,Tyrrell
Dare,Hyde
Davidson,Forsyth
Davidson,Davie
Davidson,Rowan
Davidson,Montgomery
Davidson,Randolph
Davidson,Guilford
Davie,Forsyth
Davie,Yadkin
Davie,Iredell
Davie,Rowan
Davie,Davidson
Duplin,Sampson
Duplin,Wayne
Duplin,Lenoir
Duplin,Jones
Duplin,Onslow
Duplin,Pender
Durham,Orange
Durham,Person
Durham,Granville
Durham,Wake
Durham,Chatham
Edgecombe,Halifax
Edgecombe,Martin
Edgecombe,Pitt
Edgecombe,Wilson
Edgecombe,Nash
Forsyth,Stokes
Forsyth,Yadkin
Forsyth,Davie
Forsyth,Davidson
Forsyth,Guilford
Franklin,Granville
Franklin,Vance
Franklin,Warren
Franklin,Nash
Franklin,Wake
Gaston,Cleveland
Gaston,Lincoln
Gaston,Mecklenburg
Gates,Hertford
Gates,Chowan
Gates,Perquimans
Gates,Pasquotank
Gates,Camden
Graham,Cherokee
Graham,Macon
Graham,Swain
Granville,Vance
Granville,Franklin
Granville,Durham
Granville,Person
Greene,Pitt
Greene,Lenoir
Greene,Wayne
Greene,Wilson
Guilford,Rockingham
Guilford,Alamance
Guilford,Randolph
Guilford,Davidson
Guilford,Forsyth
Halifax,Northampton
Halifax,Bertie
Halifax,Martin
Halifax,Edgecombe
Halifax,Nash
Halifax,Warren
Harnett,Lee
Harnett,Chatham
Harnett,Wake
Harnett,Johnston
Harnett,Sampson
Harnett,Moore
Haywood,Swain
Haywood,Jackson
Haywood,Transylvania
Haywood,Buncombe
Haywood,Madison
Henderson,Transylvania
Henderson,Buncombe
Henderson,Rutherford
Henderson,Polk
Hertford,Gates
Hertford,Chowan
Hertford,Bertie
Hertford,Northampton
Hoke,Moore
Hoke,Cumberland
Hoke,Robeson
Hoke,Scotland
Hyde,Dare
Hyde,Tyrrell
Hyde,Washington
Hyde,Beaufort
Hyde,Pamlico
Hyde,Carteret
Iredell,Alexander
Iredell,Catawba
Iredell,Lincoln
Iredell,Mecklenburg
Iredell,Cabarrus
Iredell,Rowan
Iredell,Davie
Iredell,Yadkin
Iredell,Wilkes
Jackson,Macon
Jackson,Swain
Jackson,Haywood
Jackson,Transylvania
Johnston,Wake
Johnston,Wilson
Johnston,Wayne
Johnston,Sampson
Johnston,Harnett
Jones,Craven
Jones,Carteret
Jones,Onslow
Jones,Duplin
Jones,Lenoir
Lee,Chatham
Lee,Moore
Lee,Harnett
Lenoir,Greene
Lenoir,Pitt
Lenoir,Craven
Lenoir,Jones
Lenoir,Duplin
Lenoir,Wayne
Lincoln,Cleveland
Lincoln,Catawba
Lincoln,Gaston
Lincoln,Mecklenburg
Lincoln,Iredell
McDowell,Buncombe
McDowell,Yancey
McDowell,Mitchell
McDowell,Avery
McDowell,Burke
McDowell,Rutherford
Macon,Clay
Macon,Cherokee
Macon,Graham
Macon,Swain
Macon,Jackson
Madison,Haywood
Madison,Buncombe
Madison,Yancey
Martin,Bertie
Martin,Washington
Martin,Beaufort
Martin,Pitt
Martin,Edgecombe
Martin,Halifax
Mecklenburg,Gaston
Mecklenburg,Lincoln
Mecklenburg,Iredell
Mecklenburg,Cabarrus
Mecklenburg,Union
Mitchell,Yancey
Mitchell,McDowell
Mitchell,Avery
Montgomery,Stanly
Montgomery,Davidson
Montgomery,Randolph
Montgomery,Moore
Montgomery,Richmond
Moore,Montgomery
Moore,Richmond
Moore,Hoke
Moore,Cumberland
Moore,Harnett
Moore,Lee
Moore,Chatham
Moore,Randolph
Nash,Franklin
Nash,Halifax
Nash,Edgecombe
Nash,Wilson
Nash,Johnston
New Hanover,Pender
New Hanover,Brunswick
Northampton,Hertford
Northampton,Bertie
Northampton,Halifax
Northampton,Warren
Onslow,Carteret
Onslow,Jones
Onslow,Duplin
Onslow,Pender
Orange,Alamance
Orange,Caswell
Orange,Person
Orange,Durham
Orange,Chatham
Pamlico,Beaufort
Pamlico,Hyde
Pamlico,Carteret
Pamlico,Craven
Pasquotank,Camden
Pasquotank,Tyrrell
Pasquotank,Perquimans
Pasquotank,Gates
Pender,Onslow
Pender,Duplin
Pender,Sampson
Pender,Bladen
Pender,Columbus
Pender,Brunswick
Pender,New Hanover
Perquimans,Pasquotank
Perquimans,Gates
Perquimans,Chowan
Person,Caswell
Person,Orange
Person,Durham
Person,Granville
Pitt,Edgecombe
Pitt,Martin
Pitt,Beaufort
Pitt,Craven
Pitt,Lenoir
Pitt,Greene
Pitt,Wilson
Polk,Henderson
Polk,Rutherford
Randolph,Guilford
Randolph,Alamance
Randolph,Chatham
Randolph,Moore
Randolph,Montgomery
Randolph,Davidson
Richmond,Anson
Richmond,Montgomery
Richmond,Moore
Richmond,Scotland
Robeson,Columbus
Robeson,Bladen
Robeson,Cumberland
Robeson,Hoke
Robeson,Scotland
Rockingham,Stokes
Rockingham,Guilford
Rockingham,Caswell
Rowan,Iredell
Rowan,Davie
Rowan,Davidson
Rowan,Stanly
Rowan,Cabarrus
Rutherford,Polk
Rutherford,Henderson
Rutherford,Buncombe
Rutherford,McDowell
Rutherford,Burke
Rutherford,Cleveland
Sampson,Johnston
Sampson,Wayne
Sampson,Duplin
Sampson,Pender
Sampson,Bladen
Sampson,Cumberland
Sampson,Harnett
Scotland,Robeson
Scotland,Hoke
Scotland,Richmond
Stanly,Cabarrus
Stanly,Rowan
Stanly,Montgomery
Stanly,Anson
Stanly,Union
Stokes,Rockingham
Stokes,Forsyth
Stokes,Surry
Surry,Alleghany
Surry,Wilkes
Surry,Yadkin
Surry,Stokes
Swain,Graham
Swain,Macon
Swain,Jackson
Swain,Haywood
Transylvania,Jackson
Transylvania,Haywood
Transylvania,Henderson
Tyrrell,Dare
Tyrrell,Hyde
Tyrrell,Washington
Union,Mecklenburg
Union,Cabarrus
Union,Stanly
Union,Anson
Vance,Granville
Vance,Franklin
Vance,Warren
Wake,Franklin
Wake,Johnston
Wake,Harnett
Wake,Chatham
Wake,Durham
Wake,Granville
Warren,Vance
Warren,Franklin
Warren,Halifax
Warren,Northampton
Washington,Chowan
Washington,Perquimans
Washington,Tyrrell
Washington,Hyde
Washington,Beaufort
Washington,Martin
Washington,Bertie
Watauga,Avery
Watauga,Caldwell
Watauga,Wilkes
Watauga,Ashe
Wayne,Johnston
Wayne,Wilson
Wayne,Greene
Wayne,Lenoir
Wayne,Duplin
Wayne,Sampson
Wilkes,Ashe
Wilkes,Watauga
Wilkes,Caldwell
Wilkes,Alexander
Wilkes,Iredell
Wilkes,Yadkin
Wilkes,Surry
Wilkes,Alleghany
Wilson,Edgecombe
Wilson,Pitt
Wilson,Greene
Wilson,Wayne
Wilson,Johnston
Wilson,Nash
Yadkin,Surry
Yadkin,Forsyth
Yadkin,Davie
Yadkin,Wilkes
Yadkin,Iredell
Yancey,Madison
Yancey,Buncombe
Yancey,McDowell
Yancey,Mitchell
